id,labels,follows,name,surname,start,end ,type,rating
1,user,,Rahul,sharma,,,,
2,user,,Chris,Evans,,,,
3,user,,Zeke,bing,,,,
4,user,,Neha,chauhan,,,,
5,user,,Gaurav,mahajan,,,,
6,user,,Rohan,chauhan,,,,
7,user,,Meghana,chowdary,,,,
8,user,,Arya,Dutta,,,,
9,user,,Aira,malhotra,,,,
10,user,,Megha,akash,,,,
11,user,,kira,joshi,,,,
12,user,,Ram,patel,,,,
13,user,,Joey,Tribbiani,,,,
14,user,,krish,ahuja,,,,
15,user,,Aravind,reddy,,,,
16,user,,harshitha,devi,,,,
17,user,,Sathvika,reddy,,,,
18,user,,Gam,kapoor,,,,
19,user,,Divija,apte,,,,
20,user,,harry,styles,,,,
51,category,,Sci-Fiction,,,,,
52,category,,Rom-Com,,,,,
53,category,,Suspense,,,,,
54,category,,comedy,,,,,
55,category,,history,,,,,
56,category,,Fiction,,,,,
57,category,,Fantasy,,,,,
58,category,,Mystery,,,,,
59,category,,horror,,,,,
101,book,,1984,,,,,
102, book,,pride and prejudice,,,,,
103,book,,to kill a mocking bird,,,,,
104,book,,adventures by huckleberry finn,,,,,
105,book,,The alchemist,,,,,
106,book,,Animal farm,,,,,
107,book,,The dairy of anne frank,,,,,
108,book,,Harry potter and the sorcere's stone,,,,,
109,book,,harry potter and the chamber of secrets,,,,,
110,book,,harry potter and the prisoner of askaban,,,,,
111,book,,harry potter and the goblet of fire,,,,,
112,book,,harry potter and the half blood prince,,,,,
113,book,,jharry otter and the order of the phoenix,,,,,
114,book,,harry potter and the deathly hallows,,,,,
115,book,,harry potter and the cursed child,,,,,
116,book,,eleven minutes,,,,,
117,book,,veronica decises to die,,,,,
118,book,,The 5 AM club,,,,,
119,book,,Think like a monk,,,,,
120,book,,The spy,,,,,
121,book,,adultry,,,,,
122,book,,The house of cards,,,,,
123,book,,Little women,,,,,
124,book,,all about love,,,,,
125,book,,ikigai,,,,,
126,book,,adventures of sherlock holms,,,,,
127,book,,anne of green gables,,,,,
128,book,,As I lay dying,,,,,
129,book,,beloved ,,,,,
130,book,,The book of thief,,,,,
131,book,,Da vinci code,,,,,
132,book,,david cooperfield,,,,,
133,book,,twilight new moon,,,,,
134,book,,twilight eclipse,,,,,
135,book,,twilight ,,,,,
136,book,,twilight breaking dawn,,,,,
137,book,,ring of fire,,,,,
138,book,,The lord of the rings,,,,,
139,book,,The divine comedy,,,,,
140,book,,Dracula,,,,,
141,book,,The giver,,,,,
142,book,,Gulliver travels,,,,,
143,book,,The hobbit,,,,,
144,book,,life of pi,,,,,
145,book,,on the road,,,,,
146,book,,prebecca,,,,,
147,book,,the color purple,,,,,
148,book,,a tale of two cities,,,,,
149,book,,the leader who had no title,,,,,
150,book,,the secret garden,,,,,
151,book,,the immortals of meluha,,,,,
152,book,,the secret of nagas,,,,,
153,book,,the oath of the vayuputras,,,,,
154,book,,ram-skion of ikshvaku,,,,,
155,book,,sita-warrior of mithila,,,,,
156,book,,ravan-enemy of aryavartha,,,,,
157,book,,five point someone,,,,,
158,book,,half girlfriend,,,,,
159,book,,2 states,,,,,
160,book,,the 3 mistakes of my life,,,,,
161,book,,one indian girl,,,,,
162,book,,girl in room,,,,,
163,book,,reveolution 2020,,,,,
164,book,,one night at a call center,,,,,
165,book,,what young india wants,,,,,
166,book,,wings of fire,,,,,
167,book,,ignited minds,,,,,
168,book,,alphen,,,,,
169,book,,hoippie,,,,,
170,book,,The zahir,,,,,
,,,,,10,166,read,1
,,,,,12,140,read,5
,,,,,17,132,read,4
,,,,,19,161,read,4.5
,,,,,3,109,read,3
,,,,,2,105,read,3.5
,,,,,5,108,read,5
,,,,,20,170,read,4.4
,,,,,10,153,read,2.9
,,,,,2,103,read,3
,,,,,11,112,read,3.9
,,,,,16,140,read,4.1
,,,,,8,143,read,4.2
,,,,,7,110,read,3.7
,,,,,2,150,read,2.8
,,,,,5,133,read,4.8
,,,,,140,105,has_category,
,,,,,51,114,has_category,
,,,,,55,158,has_category,
,,,,,20,56,has_category,
,,,,,10,142,read,1
,,,,,12,165,read,5
,,,,,17,170,read,4
,,,,,19,111,read,4.5
,,,,,3,115,read,3
,,,,,2,116,read,3.5
,,,,,5,144,read,5
,,,,,20,149,read,4.4
,,,,,10,106,read,2.9
,,,,,2,135,read,3
,,,,,11,133,read,3.9
,,,,,16,164,read,4.1
,,,,,8,122,read,4.2
,,,,,7,169,read,3.7
,,,,,2,168,read,2.8
,,,,,5,167,read,4.8
